{
    "metrics": {
        "http_req_receiving": {
            "avg": 0.04023558037733412,
            "min": 0.010981,
            "med": 0.027942,
            "max": 8.921973,
            "p(90)": 0.05841,
            "p(95)": 0.095319
        },
        "http_req_duration{expected_response:true}": {
            "med": 97.438131,
            "max": 680.362008,
            "p(90)": 102.8073206,
            "p(95)": 105.020731,
            "avg": 88.05817010611153,
            "min": 2.365225
        },
        "http_req_sending": {
            "avg": 0.013238551924994643,
            "min": 0.003937,
            "med": 0.008726,
            "max": 6.061468,
            "p(90)": 0.013345,
            "p(95)": 0.018885
        },
        "iteration_duration": {
            "max": 782.318262,
            "p(90)": 203.8106276,
            "p(95)": 206.0470247,
            "avg": 188.97687058247058,
            "min": 102.577469,
            "med": 198.287439
        },
        "http_req_waiting": {
            "med": 97.384972,
            "max": 680.328425,
            "p(90)": 102.756725,
            "p(95)": 104.967083,
            "avg": 88.00469597381205,
            "min": 2.330702
        },
        "vus": {
            "value": 50,
            "min": 50,
            "max": 50
        },
        "http_req_connecting": {
            "med": 0,
            "max": 2.062268,
            "p(90)": 0,
            "p(95)": 0,
            "avg": 0.00004611705985490358,
            "min": 0
        },
        "iterations": {
            "count": 476235,
            "rate": 264.55092210417445
        },
        "http_req_failed": {
            "fails": 476235,
            "passes": 0,
            "value": 0
        },
        "vus_max": {
            "value": 50,
            "min": 50,
            "max": 50
        },
        "data_received": {
            "count": 114291340,
            "rate": 63489.41044971855
        },
        "http_req_blocked": {
            "avg": 0.004152950530725432,
            "min": 0.001263,
            "med": 0.003466,
            "max": 5.128718,
            "p(90)": 0.004939,
            "p(95)": 0.00579
        },
        "http_req_duration": {
            "min": 2.365225,
            "med": 97.438131,
            "max": 680.362008,
            "p(90)": 102.8073206,
            "p(95)": 105.020731,
            "avg": 88.05817010611153,
            "thresholds": {
                "p(95)<2000": false
            }
        },
        "checks": {
            "passes": 1874348,
            "fails": 0,
            "value": 1
        },
        "http_req_tls_handshaking": {
            "p(90)": 0,
            "p(95)": 0,
            "avg": 0,
            "min": 0,
            "med": 0,
            "max": 0
        },
        "data_sent": {
            "count": 39051270,
            "rate": 21693.1756125423
        },
        "http_reqs": {
            "count": 476235,
            "rate": 264.55092210417445
        }
    },
    "root_group": {
        "name": "",
        "path": "",
        "id": "d41d8cd98f00b204e9800998ecf8427e",
        "groups": {},
        "checks": {
                "status is 200": {
                    "name": "status is 200",
                    "path": "::status is 200",
                    "id": "6210a8cd14cd70477eba5c5e4cb3fb5f",
                    "passes": 468587,
                    "fails": 0
                },
                "response time < 2s": {
                    "id": "492f12d6af2add47d3f33fffc3b7b9ac",
                    "passes": 468587,
                    "fails": 0,
                    "name": "response time < 2s",
                    "path": "::response time < 2s"
                },
                "has products data": {
                    "name": "has products data",
                    "path": "::has products data",
                    "id": "9a55570ce72dd3e67dcefb9e7d5677b5",
                    "passes": 468587,
                    "fails": 0
                },
                "has runtime info": {
                    "path": "::has runtime info",
                    "id": "f6ec9b2063a7916bd847220bebea107d",
                    "passes": 468587,
                    "fails": 0,
                    "name": "has runtime info"
                }
            }
    }
}