{
    "root_group": {
        "name": "",
        "path": "",
        "id": "d41d8cd98f00b204e9800998ecf8427e",
        "groups": {},
        "checks": {
                "status is 200": {
                    "name": "status is 200",
                    "path": "::status is 200",
                    "id": "6210a8cd14cd70477eba5c5e4cb3fb5f",
                    "passes": 481246,
                    "fails": 0
                },
                "response time < 2s": {
                    "id": "492f12d6af2add47d3f33fffc3b7b9ac",
                    "passes": 481246,
                    "fails": 0,
                    "name": "response time < 2s",
                    "path": "::response time < 2s"
                },
                "has products data": {
                    "passes": 481246,
                    "fails": 0,
                    "name": "has products data",
                    "path": "::has products data",
                    "id": "9a55570ce72dd3e67dcefb9e7d5677b5"
                },
                "has runtime info": {
                    "id": "f6ec9b2063a7916bd847220bebea107d",
                    "passes": 481246,
                    "fails": 0,
                    "name": "has runtime info",
                    "path": "::has runtime info"
                }
            }
    },
    "metrics": {
        "http_req_duration{expected_response:true}": {
            "p(95)": 104.547212,
            "avg": 86.2147945830191,
            "min": 2.502063,
            "med": 96.96819099999999,
            "max": 908.183549,
            "p(90)": 102.776343
        },
        "http_req_connecting": {
            "p(90)": 0,
            "p(95)": 0,
            "avg": 0.00010261593031422604,
            "min": 0,
            "med": 0,
            "max": 4.073096
        },
        "http_req_waiting": {
            "avg": 86.16359902434192,
            "min": 2.472978,
            "med": 96.9126715,
            "max": 907.844252,
            "p(90)": 102.72964,
            "p(95)": 104.50037900000001
        },
        "iterations": {
            "count": 481246,
            "rate": 267.32773352734466
        },
        "vus_max": {
            "min": 50,
            "max": 50,
            "value": 50
        },
        "http_req_sending": {
            "avg": 0.011352441019770067,
            "min": 0.003797,
            "med": 0.008907,
            "max": 5.069609,
            "p(90)": 0.013114,
            "p(95)": 0.016511
        },
        "http_reqs": {
            "rate": 267.32773352734466,
            "count": 481246
        },
        "http_req_blocked": {
            "p(90)": 0.004939,
            "p(95)": 0.005601,
            "avg": 0.004117390455193652,
            "min": 0.001332,
            "med": 0.003557,
            "max": 5.554531
        },
        "http_req_tls_handshaking": {
            "min": 0,
            "med": 0,
            "max": 0,
            "p(90)": 0,
            "p(95)": 0,
            "avg": 0
        },
        "http_req_duration": {
            "avg": 86.2147945830191,
            "min": 2.502063,
            "med": 96.96819099999999,
            "max": 908.183549,
            "p(90)": 102.776343,
            "p(95)": 104.547212,
            "thresholds": {
                "p(95)<2000": false
            }
        },
        "data_sent": {
            "count": 39462172,
            "rate": 21920.874149242263
        },
        "iteration_duration": {
            "avg": 187.0076406158105,
            "min": 102.753746,
            "med": 197.85393,
            "max": 1009.265442,
            "p(90)": 203.617063,
            "p(95)": 205.42254925
        },
        "http_req_receiving": {
            "p(95)": 0.101801,
            "avg": 0.039843117659159356,
            "min": 0.012093,
            "med": 0.029406,
            "max": 8.388969,
            "p(90)": 0.0662345
        },
        "http_req_failed": {
            "passes": 0,
            "fails": 481246,
            "value": 0
        },
        "data_received": {
            "count": 139009058,
            "rate": 77218.25514375433
        },
        "vus": {
            "value": 50,
            "min": 50,
            "max": 50
        },
        "checks": {
            "passes": 1924984,
            "fails": 0,
            "value": 1
        }
    }
}