{
    "metrics": {
        "http_req_waiting": {
            "avg": 103.52987384777693,
            "min": 2.790503,
            "med": 99.03361799999999,
            "max": 1521.051884,
            "p(90)": 110.2066275,
            "p(95)": 193.73810425
        },
        "http_req_connecting": {
            "avg": 0.000038895625939943574,
            "min": 0,
            "med": 0,
            "max": 1.830753,
            "p(90)": 0,
            "p(95)": 0
        },
        "http_req_receiving": {
            "avg": 0.04743312226876714,
            "min": 0.011642,
            "med": 0.034375,
            "max": 9.787125,
            "p(90)": 0.076263,
            "p(95)": 0.119895
        },
        "data_sent": {
            "count": 36095252,
            "rate": 20050.32864881956
        },
        "http_reqs": {
            "count": 440186,
            "rate": 244.51620303438486
        },
        "http_req_blocked": {
            "p(95)": 0.006563,
            "avg": 0.004845823251989693,
            "min": 0.001432,
            "med": 0.004027,
            "max": 7.188763,
            "p(90)": 0.005802
        },
        "iteration_duration": {
            "p(95)": 294.88137374999997,
            "avg": 204.45211865613754,
            "min": 103.679215,
            "med": 199.953879,
            "max": 1624.247312,
            "p(90)": 211.1394275
        },
        "http_req_failed": {
            "passes": 0,
            "fails": 440186,
            "value": 0
        },
        "checks": {
            "passes": 1732412,
            "fails": 0,
            "value": 1
        },
        "data_received": {
            "count": 127327962,
            "rate": 70728.62337363396
        },
        "iterations": {
            "count": 440186,
            "rate": 244.51620303438486
        },
        "http_req_tls_handshaking": {
            "avg": 0,
            "min": 0,
            "med": 0,
            "max": 0,
            "p(90)": 0,
            "p(95)": 0
        },
        "vus_max": {
            "value": 50,
            "min": 50,
            "max": 50
        },
        "http_req_duration{expected_response:true}": {
            "avg": 103.59054322684796,
            "min": 2.824918,
            "med": 99.09022949999999,
            "max": 1521.10879,
            "p(90)": 110.259642,
            "p(95)": 193.81303275
        },
        "http_req_duration": {
            "med": 99.09022949999999,
            "max": 1521.10879,
            "p(90)": 110.259642,
            "p(95)": 193.81303275,
            "avg": 103.59054322684796,
            "min": 2.824918,
            "thresholds": {
                "p(95)<2000": false
            }
        },
        "http_req_sending": {
            "min": 0.004208,
            "med": 0.010009,
            "max": 6.258778,
            "p(90)": 0.015389,
            "p(95)": 0.019296,
            "avg": 0.013236256802806367
        },
        "vus": {
            "max": 50,
            "value": 50,
            "min": 50
        }
    },
    "root_group": {
        "name": "",
        "path": "",
        "id": "d41d8cd98f00b204e9800998ecf8427e",
        "groups": {},
        "checks": {
                "status is 200": {
                    "name": "status is 200",
                    "path": "::status is 200",
                    "id": "6210a8cd14cd70477eba5c5e4cb3fb5f",
                    "passes": 433103,
                    "fails": 0
                },
                "response time < 2s": {
                    "path": "::response time < 2s",
                    "id": "492f12d6af2add47d3f33fffc3b7b9ac",
                    "passes": 433103,
                    "fails": 0,
                    "name": "response time < 2s"
                },
                "has products data": {
                    "path": "::has products data",
                    "id": "9a55570ce72dd3e67dcefb9e7d5677b5",
                    "passes": 433103,
                    "fails": 0,
                    "name": "has products data"
                },
                "has runtime info": {
                    "passes": 433103,
                    "fails": 0,
                    "name": "has runtime info",
                    "path": "::has runtime info",
                    "id": "f6ec9b2063a7916bd847220bebea107d"
                }
            }
    }
}