{
    "metrics": {
        "http_req_failed": {
            "passes": 0,
            "fails": 486175,
            "value": 0
        },
        "http_req_duration": {
            "max": 1884.322932,
            "p(90)": 496.8425776,
            "p(95)": 592.4993223,
            "avg": 269.34191767897204,
            "min": 2.477466,
            "med": 205.828893,
            "thresholds": {
                "p(95)<2000": false
            }
        },
        "http_req_sending": {
            "max": 25.247651,
            "p(90)": 0.011562,
            "p(95)": 0.015058,
            "avg": 0.011905447995063776,
            "min": 0.003777,
            "med": 0.008155
        },
        "checks": {
            "passes": 1913020,
            "fails": 0,
            "value": 1
        },
        "data_received": {
            "count": 129622963,
            "rate": 71999.94628030056
        },
        "http_req_tls_handshaking": {
            "p(95)": 0,
            "avg": 0,
            "min": 0,
            "med": 0,
            "max": 0,
            "p(90)": 0
        },
        "http_reqs": {
            "count": 486175,
            "rate": 270.04917240493205
        },
        "http_req_blocked": {
            "p(90)": 0.004439,
            "p(95)": 0.005019,
            "avg": 0.004206585955674364,
            "min": 0.001272,
            "med": 0.003275,
            "max": 23.972349
        },
        "http_req_receiving": {
            "p(90)": 0.043832,
            "p(95)": 0.0623596999999999,
            "avg": 0.03559221258805829,
            "min": -3.456869,
            "med": 0.027883,
            "max": 8.239282
        },
        "iteration_duration": {
            "p(90)": 597.7949516,
            "p(95)": 693.5174151,
            "avg": 370.2517284204665,
            "min": 102.756084,
            "med": 306.900718,
            "max": 1985.76933
        },
        "vus_max": {
            "value": 100,
            "min": 100,
            "max": 100
        },
        "http_req_duration{expected_response:true}": {
            "max": 1884.322932,
            "p(90)": 496.8425776,
            "p(95)": 592.4993223,
            "avg": 269.34191767897204,
            "min": 2.477466,
            "med": 205.828893
        },
        "iterations": {
            "count": 486175,
            "rate": 270.04917240493205
        },
        "vus": {
            "value": 100,
            "min": 100,
            "max": 100
        },
        "http_req_waiting": {
            "med": 205.780952,
            "max": 1884.180255,
            "p(90)": 496.793239,
            "p(95)": 592.4436232,
            "avg": 269.2944200183833,
            "min": 2.44211
        },
        "data_sent": {
            "count": 39866350,
            "rate": 22144.032137204427
        },
        "http_req_connecting": {
            "avg": 0.0003768005347868568,
            "min": 0,
            "med": 0,
            "max": 17.03599,
            "p(90)": 0,
            "p(95)": 0
        }
    },
    "root_group": {
        "id": "d41d8cd98f00b204e9800998ecf8427e",
        "groups": {},
        "checks": {
                "status is 200": {
                    "path": "::status is 200",
                    "id": "6210a8cd14cd70477eba5c5e4cb3fb5f",
                    "passes": 478255,
                    "fails": 0,
                    "name": "status is 200"
                },
                "response time < 2s": {
                    "name": "response time < 2s",
                    "path": "::response time < 2s",
                    "id": "492f12d6af2add47d3f33fffc3b7b9ac",
                    "passes": 478255,
                    "fails": 0
                },
                "has products data": {
                    "name": "has products data",
                    "path": "::has products data",
                    "id": "9a55570ce72dd3e67dcefb9e7d5677b5",
                    "passes": 478255,
                    "fails": 0
                },
                "has runtime info": {
                    "passes": 478255,
                    "fails": 0,
                    "name": "has runtime info",
                    "path": "::has runtime info",
                    "id": "f6ec9b2063a7916bd847220bebea107d"
                }
            },
        "name": "",
        "path": ""
    }
}