{
    "metrics": {
        "vus": {
            "value": 100,
            "min": 100,
            "max": 100
        },
        "http_req_blocked": {
            "avg": 0.0041138471319087724,
            "min": 0.001253,
            "med": 0.003246,
            "max": 18.668301,
            "p(90)": 0.004358,
            "p(95)": 0.004929
        },
        "http_req_connecting": {
            "med": 0,
            "max": 18.585525,
            "p(90)": 0,
            "p(95)": 0,
            "avg": 0.0004888138304224814,
            "min": 0
        },
        "http_req_sending": {
            "min": 0.003707,
            "med": 0.008105,
            "max": 18.047374,
            "p(90)": 0.011501,
            "p(95)": 0.015149,
            "avg": 0.011950839939545477
        },
        "http_req_duration": {
            "avg": 269.86241457490206,
            "min": 2.407075,
            "med": 204.214947,
            "max": 2034.544777,
            "p(90)": 498.874591,
            "p(95)": 597.5037697,
            "thresholds": {
                "p(95)<2000": false
            }
        },
        "http_req_duration{expected_response:true}": {
            "avg": 269.86241457490206,
            "min": 2.407075,
            "med": 204.214947,
            "max": 2034.544777,
            "p(90)": 498.874591,
            "p(95)": 597.5037697
        },
        "iteration_duration": {
            "p(95)": 698.3479565499999,
            "avg": 370.65982139818493,
            "min": 102.587803,
            "med": 304.9652175,
            "max": 2136.943826,
            "p(90)": 599.714729
        },
        "checks": {
            "fails": 1,
            "passes": 1942615,
            "value": 0.9999994852302256
        },
        "http_req_failed": {
            "passes": 0,
            "fails": 485654,
            "value": 0
        },
        "http_req_receiving": {
            "p(95)": 0.087805,
            "avg": 0.03626849898281574,
            "min": 0.01084,
            "med": 0.025227,
            "max": 8.921289,
            "p(90)": 0.0481
        },
        "iterations": {
            "rate": 269.75368002376945,
            "count": 485654
        },
        "http_req_waiting": {
            "avg": 269.8141952359828,
            "min": 2.370195,
            "med": 204.1721015,
            "max": 2033.89722,
            "p(90)": 498.819777,
            "p(95)": 597.4464260999999
        },
        "vus_max": {
            "value": 100,
            "min": 100,
            "max": 100
        },
        "data_received": {
            "count": 117336610,
            "rate": 65173.93524816809
        },
        "data_sent": {
            "count": 39823628,
            "rate": 22119.801761949093
        },
        "http_reqs": {
            "count": 485654,
            "rate": 269.75368002376945
        },
        "http_req_tls_handshaking": {
            "p(90)": 0,
            "p(95)": 0,
            "avg": 0,
            "min": 0,
            "med": 0,
            "max": 0
        }
    },
    "root_group": {
        "checks": {
            "status is 200": {
                "name": "status is 200",
                "path": "::status is 200",
                "id": "6210a8cd14cd70477eba5c5e4cb3fb5f",
                "passes": 485654,
                "fails": 0
            },
            "response time < 2s": {
                "passes": 485653,
                "fails": 1,
                "name": "response time < 2s",
                "path": "::response time < 2s",
                "id": "492f12d6af2add47d3f33fffc3b7b9ac"
            },
            "has products data": {
                "path": "::has products data",
                "id": "9a55570ce72dd3e67dcefb9e7d5677b5",
                "passes": 485654,
                "fails": 0,
                "name": "has products data"
            },
            "has runtime info": {
                "name": "has runtime info",
                "path": "::has runtime info",
                "id": "f6ec9b2063a7916bd847220bebea107d",
                "passes": 485654,
                "fails": 0
            }
        },
        "name": "",
        "path": "",
        "id": "d41d8cd98f00b204e9800998ecf8427e",
        "groups": {}
    }
}