{
    "root_group": {
        "path": "",
        "id": "d41d8cd98f00b204e9800998ecf8427e",
        "groups": {},
        "checks": {
                "status is 200": {
                    "name": "status is 200",
                    "path": "::status is 200",
                    "id": "6210a8cd14cd70477eba5c5e4cb3fb5f",
                    "passes": 478757,
                    "fails": 0
                },
                "response time < 2s": {
                    "name": "response time < 2s",
                    "path": "::response time < 2s",
                    "id": "492f12d6af2add47d3f33fffc3b7b9ac",
                    "passes": 478757,
                    "fails": 0
                },
                "has products data": {
                    "id": "9a55570ce72dd3e67dcefb9e7d5677b5",
                    "passes": 478757,
                    "fails": 0,
                    "name": "has products data",
                    "path": "::has products data"
                },
                "has runtime info": {
                    "name": "has runtime info",
                    "path": "::has runtime info",
                    "id": "f6ec9b2063a7916bd847220bebea107d",
                    "passes": 478757,
                    "fails": 0
                }
            },
        "name": ""
    },
    "metrics": {
        "vus_max": {
            "value": 100,
            "min": 100,
            "max": 100
        },
        "http_reqs": {
            "count": 486532,
            "rate": 270.2488777916355
        },
        "http_req_duration{expected_response:true}": {
            "avg": 269.187453847046,
            "min": 2.417614,
            "med": 204.212376,
            "max": 4087.592363,
            "p(90)": 498.583193,
            "p(95)": 597.11558845
        },
        "http_req_failed": {
            "passes": 0,
            "fails": 486532,
            "value": 0
        },
        "vus": {
            "value": 100,
            "min": 100,
            "max": 100
        },
        "data_received": {
            "count": 117548414,
            "rate": 65293.39687767008
        },
        "http_req_waiting": {
            "p(95)": 597.066785,
            "avg": 269.1393647349536,
            "min": 2.37312,
            "med": 204.1700265,
            "max": 4087.400133,
            "p(90)": 498.52990580000005
        },
        "http_req_receiving": {
            "p(90)": 0.047639,
            "p(95)": 0.086292,
            "avg": 0.03642215656524183,
            "min": 0.01068,
            "med": 0.025177,
            "max": 8.092066
        },
        "http_req_blocked": {
            "p(90)": 0.004268,
            "p(95)": 0.004798,
            "avg": 0.00398102478151479,
            "min": 0.001253,
            "med": 0.003176,
            "max": 13.26042
        },
        "iterations": {
            "count": 486532,
            "rate": 270.2488777916355
        },
        "checks": {
            "passes": 1915028,
            "fails": 0,
            "value": 1
        },
        "http_req_duration": {
            "max": 4087.592363,
            "p(90)": 498.583193,
            "p(95)": 597.11558845,
            "avg": 269.187453847046,
            "min": 2.417614,
            "med": 204.212376,
            "thresholds": {
                "p(95)<2000": false
            }
        },
        "http_req_tls_handshaking": {
            "p(90)": 0,
            "p(95)": 0,
            "avg": 0,
            "min": 0,
            "med": 0,
            "max": 0
        },
        "data_sent": {
            "count": 39895624,
            "rate": 22160.40797891411
        },
        "iteration_duration": {
            "p(90)": 599.340813,
            "p(95)": 697.99883945,
            "avg": 369.9787357003731,
            "min": 102.677838,
            "med": 304.950251,
            "max": 4188.209377
        },
        "http_req_connecting": {
            "p(95)": 0,
            "avg": 0.00046179881898826796,
            "min": 0,
            "med": 0,
            "max": 13.183645,
            "p(90)": 0
        },
        "http_req_sending": {
            "avg": 0.011666955526049964,
            "min": 0.003927,
            "med": 0.008005,
            "max": 6.80879,
            "p(90)": 0.011321,
            "p(95)": 0.014998
        }
    }
}