{
    "metrics": {
        "http_req_duration{expected_response:true}": {
            "avg": 732.8846092159806,
            "min": 2.673975,
            "med": 690.8497475,
            "max": 14999.784633,
            "p(90)": 1388.0954872,
            "p(95)": 1602.3496933
        },
        "http_req_tls_handshaking": {
            "avg": 0,
            "min": 0,
            "med": 0,
            "max": 0,
            "p(90)": 0,
            "p(95)": 0
        },
        "data_sent": {
            "rate": 19658.67557138443,
            "count": 35398498
        },
        "http_reqs": {
            "rate": 239.73994599249303,
            "count": 431689
        },
        "vus_max": {
            "value": 200,
            "min": 200,
            "max": 200
        },
        "vus": {
            "value": 200,
            "min": 200,
            "max": 200
        },
        "iteration_duration": {
            "med": 791.930249,
            "max": 15105.428303,
            "p(90)": 1489.2245484,
            "p(95)": 1703.149299,
            "avg": 834.0895856897932,
            "min": 102.946702
        },
        "http_req_receiving": {
            "max": 12.913138,
            "p(90)": 0.0752512,
            "p(95)": 0.122149,
            "avg": 0.049494414648044785,
            "min": 0.012252,
            "med": 0.033273
        },
        "http_req_duration": {
            "max": 14999.784633,
            "p(90)": 1388.1532482000002,
            "p(95)": 1602.424155,
            "avg": 733.2067798567413,
            "min": 2.673975,
            "med": 690.85632,
            "thresholds": {
                "p(95)<2000": false
            }
        },
        "http_req_blocked": {
            "max": 30.964763,
            "p(90)": 0.005411,
            "p(95)": 0.006292,
            "avg": 0.0058069786258169,
            "min": 0.001343,
            "med": 0.003787
        },
        "checks": {
            "passes": 1691985,
            "fails": 7699,
            "value": 0.9954703344857044
        },
        "data_received": {
            "count": 125756436,
            "rate": 69839.26200308187
        },
        "iterations": {
            "count": 431689,
            "rate": 239.73994599249303
        },
        "http_req_failed": {
            "passes": 15,
            "fails": 431674,
            "value": 0.00003474723701553665
        },
        "http_req_connecting": {
            "min": 0,
            "med": 0,
            "max": 16.815287,
            "p(90)": 0,
            "p(95)": 0,
            "avg": 0.0012893023820389217
        },
        "http_req_sending": {
            "min": 0.004198,
            "med": 0.009327,
            "max": 19.203605,
            "p(90)": 0.014487,
            "p(95)": 0.018916,
            "avg": 0.013086899126454636
        },
        "http_req_waiting": {
            "p(95)": 1602.3506336,
            "avg": 733.1441985429634,
            "min": 2.631404,
            "med": 690.790637,
            "max": 14999.70308,
            "p(90)": 1388.0847212
        }
    },
    "root_group": {
        "name": "",
        "path": "",
        "id": "d41d8cd98f00b204e9800998ecf8427e",
        "groups": {},
        "checks": {
                "status is 200": {
                    "fails": 0,
                    "name": "status is 200",
                    "path": "::status is 200",
                    "id": "6210a8cd14cd70477eba5c5e4cb3fb5f",
                    "passes": 424921
                },
                "response time < 2s": {
                    "fails": 7699,
                    "name": "response time < 2s",
                    "path": "::response time < 2s",
                    "id": "492f12d6af2add47d3f33fffc3b7b9ac",
                    "passes": 417222
                },
                "has products data": {
                    "path": "::has products data",
                    "id": "9a55570ce72dd3e67dcefb9e7d5677b5",
                    "passes": 424921,
                    "fails": 0,
                    "name": "has products data"
                },
                "has runtime info": {
                    "passes": 424921,
                    "fails": 0,
                    "name": "has runtime info",
                    "path": "::has runtime info",
                    "id": "f6ec9b2063a7916bd847220bebea107d"
                }
            }
    }
}