{
    "metrics": {
        "iterations": {
            "count": 493140,
            "rate": 273.87683646731557
        },
        "http_req_receiving": {
            "p(90)": 0.057318,
            "p(95)": 0.109456,
            "avg": 0.0396329901163957,
            "min": 0.011672,
            "med": 0.027662,
            "max": 14.364561
        },
        "checks": {
            "passes": 1968438,
            "fails": 4122,
            "value": 0.9979103297238107
        },
        "http_req_duration{expected_response:true}": {
            "avg": 629.3618921507538,
            "min": 2.598935,
            "med": 591.015004,
            "max": 12538.768412,
            "p(90)": 1197.9755564,
            "p(95)": 1404.1546252
        },
        "http_req_blocked": {
            "min": 0.001352,
            "med": 0.003246,
            "max": 53.094842,
            "p(90)": 0.004358,
            "p(95)": 0.004899,
            "avg": 0.006829019562395126
        },
        "http_req_failed": {
            "fails": 493140,
            "passes": 0,
            "value": 0
        },
        "vus": {
            "min": 200,
            "max": 200,
            "value": 200
        },
        "iteration_duration": {
            "avg": 730.1288577213173,
            "min": 102.849426,
            "med": 691.9484580000001,
            "max": 12639.744165,
            "p(90)": 1298.8472372,
            "p(95)": 1504.9030611
        },
        "http_reqs": {
            "count": 493140,
            "rate": 273.87683646731557
        },
        "http_req_sending": {
            "med": 0.007975,
            "max": 24.923819,
            "p(90)": 0.01115280000000028,
            "p(95)": 0.014307,
            "avg": 0.013398837413310856,
            "min": 0.003897
        },
        "data_sent": {
            "rate": 22457.900590319874,
            "count": 40437480
        },
        "data_received": {
            "count": 143574928,
            "rate": 79737.69533329806
        },
        "http_req_waiting": {
            "p(90)": 1197.9175140999998,
            "p(95)": 1404.11336555,
            "avg": 629.3088603232343,
            "min": 2.554381,
            "med": 590.957546,
            "max": 12538.73032
        },
        "vus_max": {
            "value": 200,
            "min": 200,
            "max": 200
        },
        "http_req_duration": {
            "p(95)": 1404.1546252,
            "avg": 629.3618921507538,
            "min": 2.598935,
            "med": 591.015004,
            "max": 12538.768412,
            "p(90)": 1197.9755564,
            "thresholds": {
                "p(95)<2000": false
            }
        },
        "http_req_tls_handshaking": {
            "avg": 0,
            "min": 0,
            "med": 0,
            "max": 0,
            "p(90)": 0,
            "p(95)": 0
        },
        "http_req_connecting": {
            "p(95)": 0,
            "avg": 0.0023714927059252963,
            "min": 0,
            "med": 0,
            "max": 53.058524,
            "p(90)": 0
        }
    },
    "root_group": {
        "name": "",
        "path": "",
        "id": "d41d8cd98f00b204e9800998ecf8427e",
        "groups": {},
        "checks": {
                "status is 200": {
                    "fails": 0,
                    "name": "status is 200",
                    "path": "::status is 200",
                    "id": "6210a8cd14cd70477eba5c5e4cb3fb5f",
                    "passes": 493140
                },
                "response time < 2s": {
                    "name": "response time < 2s",
                    "path": "::response time < 2s",
                    "id": "492f12d6af2add47d3f33fffc3b7b9ac",
                    "passes": 489018,
                    "fails": 4122
                },
                "has products data": {
                    "name": "has products data",
                    "path": "::has products data",
                    "id": "9a55570ce72dd3e67dcefb9e7d5677b5",
                    "passes": 493140,
                    "fails": 0
                },
                "has runtime info": {
                    "fails": 0,
                    "name": "has runtime info",
                    "path": "::has runtime info",
                    "id": "f6ec9b2063a7916bd847220bebea107d",
                    "passes": 493140
                }
            }
    }
}