{
    "metrics": {
        "http_req_receiving": {
            "max": 10.540488,
            "p(90)": 0.04833,
            "p(95)": 0.091011,
            "avg": 0.03816616377443888,
            "min": 0.01064,
            "med": 0.025538
        },
        "data_received": {
            "count": 118560020,
            "rate": 65845.24900080927
        },
        "vus_max": {
            "value": 200,
            "min": 200,
            "max": 200
        },
        "http_req_duration{expected_response:true}": {
            "avg": 634.6031583638131,
            "min": 2.39928,
            "med": 505.854547,
            "max": 7840.912455,
            "p(90)": 1292.3167171,
            "p(95)": 1502.63824525
        },
        "data_sent": {
            "rate": 22296.197225340155,
            "count": 40146216
        },
        "checks": {
            "fails": 6340,
            "passes": 1921340,
            "value": 0.9967110723771581
        },
        "iteration_duration": {
            "max": 7944.03719,
            "p(90)": 1393.2515633,
            "p(95)": 1603.3560338999998,
            "avg": 735.4217300141748,
            "min": 102.50292,
            "med": 606.7566145000001
        },
        "http_req_sending": {
            "med": 0.007894,
            "max": 28.11572,
            "p(90)": 0.011271,
            "p(95)": 0.01503419999999972,
            "avg": 0.012567188389013202,
            "min": 0.003917
        },
        "iterations": {
            "count": 489588,
            "rate": 271.9048442114653
        },
        "http_req_tls_handshaking": {
            "max": 0,
            "p(90)": 0,
            "p(95)": 0,
            "avg": 0,
            "min": 0,
            "med": 0
        },
        "http_req_blocked": {
            "avg": 0.006003306363716526,
            "min": 0.001303,
            "med": 0.003186,
            "max": 35.132489,
            "p(90)": 0.004318,
            "p(95)": 0.004869
        },
        "http_req_connecting": {
            "min": 0,
            "med": 0,
            "max": 27.958946,
            "p(90)": 0,
            "p(95)": 0,
            "avg": 0.002094559754324044
        },
        "http_reqs": {
            "count": 489588,
            "rate": 271.9048442114653
        },
        "http_req_duration": {
            "max": 7840.912455,
            "p(90)": 1292.3167171,
            "p(95)": 1502.63824525,
            "avg": 634.6031583638131,
            "min": 2.39928,
            "med": 505.854547,
            "thresholds": {
                "p(95)<2000": false
            }
        },
        "http_req_waiting": {
            "avg": 634.5524250116611,
            "min": 2.375656,
            "med": 505.811662,
            "max": 7840.008469,
            "p(90)": 1292.263069,
            "p(95)": 1502.5824146999998
        },
        "http_req_failed": {
            "fails": 489588,
            "passes": 0,
            "value": 0
        },
        "vus": {
            "min": 200,
            "max": 200,
            "value": 200
        }
    },
    "root_group": {
        "name": "",
        "path": "",
        "id": "d41d8cd98f00b204e9800998ecf8427e",
        "groups": {},
        "checks": {
                "status is 200": {
                    "name": "status is 200",
                    "path": "::status is 200",
                    "id": "6210a8cd14cd70477eba5c5e4cb3fb5f",
                    "passes": 481920,
                    "fails": 0
                },
                "response time < 2s": {
                    "name": "response time < 2s",
                    "path": "::response time < 2s",
                    "id": "492f12d6af2add47d3f33fffc3b7b9ac",
                    "passes": 475580,
                    "fails": 6340
                },
                "has products data": {
                    "name": "has products data",
                    "path": "::has products data",
                    "id": "9a55570ce72dd3e67dcefb9e7d5677b5",
                    "passes": 481920,
                    "fails": 0
                },
                "has runtime info": {
                    "path": "::has runtime info",
                    "id": "f6ec9b2063a7916bd847220bebea107d",
                    "passes": 481920,
                    "fails": 0,
                    "name": "has runtime info"
                }
            }
    }
}