{
    "root_group": {
        "name": "",
        "path": "",
        "id": "d41d8cd98f00b204e9800998ecf8427e",
        "groups": {},
        "checks": {
                "status is 200": {
                    "path": "::status is 200",
                    "id": "6210a8cd14cd70477eba5c5e4cb3fb5f",
                    "passes": 481778,
                    "fails": 0,
                    "name": "status is 200"
                },
                "response time < 2s": {
                    "id": "492f12d6af2add47d3f33fffc3b7b9ac",
                    "passes": 475464,
                    "fails": 6314,
                    "name": "response time < 2s",
                    "path": "::response time < 2s"
                },
                "has products data": {
                    "name": "has products data",
                    "path": "::has products data",
                    "id": "9a55570ce72dd3e67dcefb9e7d5677b5",
                    "passes": 481778,
                    "fails": 0
                },
                "has runtime info": {
                    "path": "::has runtime info",
                    "id": "f6ec9b2063a7916bd847220bebea107d",
                    "passes": 481778,
                    "fails": 0,
                    "name": "has runtime info"
                }
            }
    },
    "metrics": {
        "http_req_duration": {
            "p(95)": 1501.5012712,
            "avg": 634.6247378120399,
            "min": 2.416502,
            "med": 506.70356,
            "max": 6399.04613,
            "p(90)": 1291.6760542,
            "thresholds": {
                "p(95)<2000": false
            }
        },
        "http_req_sending": {
            "avg": 0.012308904680201039,
            "min": 0.003787,
            "med": 0.007845,
            "max": 25.80153,
            "p(90)": 0.01125,
            "p(95)": 0.015058
        },
        "http_req_waiting": {
            "max": 6399.006134,
            "p(90)": 1291.5960832,
            "p(95)": 1501.4567939999997,
            "avg": 634.5746082784212,
            "min": 2.393268,
            "med": 506.65031
        },
        "http_req_blocked": {
            "p(95)": 0.004838,
            "avg": 0.0047415560784596815,
            "min": 0.001122,
            "med": 0.003176,
            "max": 26.789432,
            "p(90)": 0.004299
        },
        "http_req_receiving": {
            "avg": 0.03782062896034062,
            "min": 0.009939,
            "med": 0.025367,
            "max": 11.812404,
            "p(90)": 0.048,
            "p(95)": 0.0898325999999997
        },
        "http_reqs": {
            "count": 489573,
            "rate": 271.90837521108546
        },
        "data_received": {
            "count": 118555944,
            "rate": 65845.85772633791
        },
        "iterations": {
            "count": 489573,
            "rate": 271.90837521108546
        },
        "http_req_failed": {
            "passes": 0,
            "fails": 489573,
            "value": 0
        },
        "vus": {
            "value": 200,
            "min": 200,
            "max": 200
        },
        "http_req_duration{expected_response:true}": {
            "avg": 634.6247378120399,
            "min": 2.416502,
            "med": 506.70356,
            "max": 6399.04613,
            "p(90)": 1291.6760542,
            "p(95)": 1501.5012712
        },
        "http_req_connecting": {
            "p(95)": 0,
            "avg": 0.0011744482416309726,
            "min": 0,
            "med": 0,
            "max": 26.755379,
            "p(90)": 0
        },
        "data_sent": {
            "rate": 22296.486767309005,
            "count": 40144986
        },
        "http_req_tls_handshaking": {
            "p(90)": 0,
            "p(95)": 0,
            "avg": 0,
            "min": 0,
            "med": 0,
            "max": 0
        },
        "iteration_duration": {
            "med": 607.581902,
            "max": 6502.336516,
            "p(90)": 1392.649134,
            "p(95)": 1602.1627111999999,
            "avg": 735.436683999485,
            "min": 102.654283
        },
        "vus_max": {
            "value": 200,
            "min": 200,
            "max": 200
        },
        "checks": {
            "passes": 1920798,
            "fails": 6314,
            "value": 0.9967235946846889
        }
    }
}