{
    "root_group": {
        "name": "",
        "path": "",
        "id": "d41d8cd98f00b204e9800998ecf8427e",
        "groups": {},
        "checks": {
                "status is 200": {
                    "id": "6210a8cd14cd70477eba5c5e4cb3fb5f",
                    "passes": 485311,
                    "fails": 0,
                    "name": "status is 200",
                    "path": "::status is 200"
                },
                "response time < 2s": {
                    "name": "response time < 2s",
                    "path": "::response time < 2s",
                    "id": "492f12d6af2add47d3f33fffc3b7b9ac",
                    "passes": 485311,
                    "fails": 0
                },
                "has products data": {
                    "name": "has products data",
                    "path": "::has products data",
                    "id": "9a55570ce72dd3e67dcefb9e7d5677b5",
                    "passes": 485311,
                    "fails": 0
                },
                "has runtime info": {
                    "name": "has runtime info",
                    "path": "::has runtime info",
                    "id": "f6ec9b2063a7916bd847220bebea107d",
                    "passes": 485311,
                    "fails": 0
                }
            }
    },
    "metrics": {
        "data_sent": {
            "count": 40427558,
            "rate": 22458.050281325515
        },
        "iteration_duration": {
            "p(90)": 202.67760420000002,
            "p(95)": 204.22787399999999,
            "avg": 182.5415715621607,
            "min": 102.547383,
            "med": 197.660463,
            "max": 711.306684
        },
        "http_req_tls_handshaking": {
            "max": 0,
            "p(90)": 0,
            "p(95)": 0,
            "avg": 0,
            "min": 0,
            "med": 0
        },
        "http_req_duration{expected_response:true}": {
            "avg": 81.68867764092053,
            "min": 2.368813,
            "med": 96.768625,
            "max": 610.855371,
            "p(90)": 101.7329032,
            "p(95)": 103.3020341
        },
        "http_req_receiving": {
            "p(95)": 0.08516089999999979,
            "avg": 0.036908586123456766,
            "min": 0.009969,
            "med": 0.026951,
            "max": 7.847898,
            "p(90)": 0.049904
        },
        "http_reqs": {
            "count": 493019,
            "rate": 273.87866196738435
        },
        "http_req_blocked": {
            "p(95)": 0.00511,
            "avg": 0.0037208557276696905,
            "min": 0.001272,
            "med": 0.003307,
            "max": 5.478665,
            "p(90)": 0.004459
        },
        "vus": {
            "min": 50,
            "max": 50,
            "value": 50
        },
        "http_req_sending": {
            "avg": 0.012019299921503818,
            "min": 0.003747,
            "med": 0.008466,
            "max": 6.419019,
            "p(90)": 0.012013,
            "p(95)": 0.016261
        },
        "http_req_waiting": {
            "avg": 81.639749754876,
            "min": 2.341071,
            "med": 96.717509,
            "max": 610.730547,
            "p(90)": 101.684465,
            "p(95)": 103.2531949
        },
        "checks": {
            "passes": 1941244,
            "fails": 0,
            "value": 1
        },
        "http_req_failed": {
            "fails": 493019,
            "passes": 0,
            "value": 0
        },
        "vus_max": {
            "value": 50,
            "min": 50,
            "max": 50
        },
        "http_req_connecting": {
            "p(95)": 0,
            "avg": 0.00002282674298556445,
            "min": 0,
            "med": 0,
            "max": 0.577443,
            "p(90)": 0
        },
        "iterations": {
            "count": 493019,
            "rate": 273.87866196738435
        },
        "http_req_duration": {
            "avg": 81.68867764092053,
            "min": 2.368813,
            "med": 96.768625,
            "max": 610.855371,
            "p(90)": 101.7329032,
            "p(95)": 103.3020341,
            "thresholds": {
                "p(95)<2000": false
            }
        },
        "data_received": {
            "count": 118232152,
            "rate": 65679.54498971521
        }
    }
}