{
    "root_group": {
        "id": "d41d8cd98f00b204e9800998ecf8427e",
        "groups": {},
        "checks": {
                "status is 200": {
                    "name": "status is 200",
                    "path": "::status is 200",
                    "id": "6210a8cd14cd70477eba5c5e4cb3fb5f",
                    "passes": 487651,
                    "fails": 0
                },
                "response time < 2s": {
                    "name": "response time < 2s",
                    "path": "::response time < 2s",
                    "id": "492f12d6af2add47d3f33fffc3b7b9ac",
                    "passes": 487650,
                    "fails": 1
                },
                "has products data": {
                    "passes": 487651,
                    "fails": 0,
                    "name": "has products data",
                    "path": "::has products data",
                    "id": "9a55570ce72dd3e67dcefb9e7d5677b5"
                },
                "has runtime info": {
                    "name": "has runtime info",
                    "path": "::has runtime info",
                    "id": "f6ec9b2063a7916bd847220bebea107d",
                    "passes": 487651,
                    "fails": 0
                }
            },
        "name": "",
        "path": ""
    },
    "metrics": {
        "http_req_receiving": {
            "min": -10.37722,
            "med": 0.027051,
            "max": 9.165248,
            "p(90)": 0.043953,
            "p(95)": 0.0700315,
            "avg": 0.03673320429159534
        },
        "http_req_duration": {
            "avg": 268.28416322048395,
            "min": 2.478047,
            "med": 204.097782,
            "max": 2025.680795,
            "p(90)": 497.987114,
            "p(95)": 595.838195,
            "thresholds": {
                "p(95)<2000": false
            }
        },
        "http_req_failed": {
            "passes": 0,
            "fails": 487651,
            "value": 0
        },
        "data_sent": {
            "count": 39987382,
            "rate": 22211.207264850083
        },
        "http_req_tls_handshaking": {
            "avg": 0,
            "min": 0,
            "med": 0,
            "max": 0,
            "p(90)": 0,
            "p(95)": 0
        },
        "http_req_sending": {
            "med": 0.008045,
            "max": 6.846309,
            "p(90)": 0.011261,
            "p(95)": 0.015128,
            "avg": 0.011524661969318143,
            "min": 0.003837
        },
        "iteration_duration": {
            "max": 2127.858939,
            "p(90)": 598.866087,
            "p(95)": 696.7625475,
            "avg": 369.1351525904412,
            "min": 102.824179,
            "med": 304.95889
        },
        "checks": {
            "fails": 1,
            "passes": 1950603,
            "value": 0.9999994873382808
        },
        "http_req_connecting": {
            "avg": 0.0003099029449339795,
            "min": 0,
            "med": 0,
            "max": 11.596838,
            "p(90)": 0,
            "p(95)": 0
        },
        "vus": {
            "min": 100,
            "max": 100,
            "value": 100
        },
        "http_req_waiting": {
            "min": 2.445016,
            "med": 204.049922,
            "max": 2025.453448,
            "p(90)": 497.93681,
            "p(95)": 595.78784,
            "avg": 268.23590535422017
        },
        "http_reqs": {
            "count": 487651,
            "rate": 270.86838127865957
        },
        "iterations": {
            "count": 487651,
            "rate": 270.86838127865957
        },
        "http_req_duration{expected_response:true}": {
            "min": 2.478047,
            "med": 204.097782,
            "max": 2025.680795,
            "p(90)": 497.987114,
            "p(95)": 595.838195,
            "avg": 268.28416322048395
        },
        "data_received": {
            "count": 130013153,
            "rate": 72216.50790841135
        },
        "vus_max": {
            "value": 100,
            "min": 100,
            "max": 100
        },
        "http_req_blocked": {
            "p(95)": 0.004919,
            "avg": 0.004339927690089884,
            "min": 0.001252,
            "med": 0.003246,
            "max": 13.596127,
            "p(90)": 0.004368
        }
    }
}