{
    "root_group": {
        "checks": {
            "status is 200": {
                "passes": 482586,
                "fails": 0,
                "name": "status is 200",
                "path": "::status is 200",
                "id": "6210a8cd14cd70477eba5c5e4cb3fb5f"
            },
            "response time < 2s": {
                "fails": 0,
                "name": "response time < 2s",
                "path": "::response time < 2s",
                "id": "492f12d6af2add47d3f33fffc3b7b9ac",
                "passes": 482586
            },
            "has products data": {
                "id": "9a55570ce72dd3e67dcefb9e7d5677b5",
                "passes": 482586,
                "fails": 0,
                "name": "has products data",
                "path": "::has products data"
            },
            "has runtime info": {
                "name": "has runtime info",
                "path": "::has runtime info",
                "id": "f6ec9b2063a7916bd847220bebea107d",
                "passes": 482586,
                "fails": 0
            }
        },
        "name": "",
        "path": "",
        "id": "d41d8cd98f00b204e9800998ecf8427e",
        "groups": {}
    },
    "metrics": {
        "http_reqs": {
            "count": 490706,
            "rate": 272.5727437767552
        },
        "data_received": {
            "count": 130826148,
            "rate": 72670.07560148816
        },
        "http_req_connecting": {
            "min": 0,
            "med": 0,
            "max": 13.177784,
            "p(90)": 0,
            "p(95)": 0,
            "avg": 0.0005369492180653995
        },
        "http_req_duration": {
            "max": 2059.990338,
            "p(90)": 495.88373750000005,
            "p(95)": 586.9098100000001,
            "avg": 265.92155758040866,
            "min": 2.464422,
            "med": 204.957668,
            "thresholds": {
                "p(95)<2000": false
            }
        },
        "http_req_waiting": {
            "max": 2045.575744,
            "p(90)": 495.8361225,
            "p(95)": 586.8381555,
            "avg": 265.87408864341035,
            "min": 2.426701,
            "med": 204.912624
        },
        "http_req_receiving": {
            "min": 0.009959,
            "med": 0.027813,
            "max": 10.973922,
            "p(90)": 0.043642,
            "p(95)": 0.061355,
            "avg": 0.03511971334159408
        },
        "iteration_duration": {
            "avg": 366.8293505172775,
            "min": 102.708175,
            "med": 305.96097050000003,
            "max": 2167.079429,
            "p(90)": 596.834927,
            "p(95)": 687.96294625
        },
        "vus_max": {
            "max": 100,
            "value": 100,
            "min": 100
        },
        "http_req_tls_handshaking": {
            "p(95)": 0,
            "avg": 0,
            "min": 0,
            "med": 0,
            "max": 0,
            "p(90)": 0
        },
        "checks": {
            "fails": 0,
            "passes": 1930344,
            "value": 1
        },
        "http_req_sending": {
            "med": 0.008145,
            "max": 43.29659,
            "p(90)": 0.011551,
            "p(95)": 0.015019,
            "avg": 0.012349223673645436,
            "min": 0.003787
        },
        "vus": {
            "value": 100,
            "min": 100,
            "max": 100
        },
        "http_req_blocked": {
            "avg": 0.0042811506706661945,
            "min": 0.001242,
            "med": 0.003256,
            "max": 18.591748,
            "p(90)": 0.004438,
            "p(95)": 0.00501
        },
        "http_req_failed": {
            "passes": 0,
            "fails": 490706,
            "value": 0
        },
        "data_sent": {
            "count": 40237892,
            "rate": 22350.964989693926
        },
        "iterations": {
            "count": 490706,
            "rate": 272.5727437767552
        },
        "http_req_duration{expected_response:true}": {
            "p(90)": 495.88373750000005,
            "p(95)": 586.9098100000001,
            "avg": 265.92155758040866,
            "min": 2.464422,
            "med": 204.957668,
            "max": 2059.990338
        }
    }
}