{
    "metrics": {
        "http_reqs": {
            "count": 492360,
            "rate": 273.45502546928014
        },
        "http_req_failed": {
            "passes": 29,
            "fails": 492331,
            "value": 0.00005889999187586319
        },
        "http_req_receiving": {
            "p(90)": 0.043672,
            "p(95)": 0.0627484499999999,
            "avg": 0.03622003566902232,
            "min": 0.009698,
            "med": 0.027281,
            "max": 11.100227
        },
        "http_req_duration{expected_response:true}": {
            "min": 2.476695,
            "med": 592.549879,
            "max": 11067.004804,
            "p(90)": 1198.329983,
            "p(95)": 1403.8802839999998,
            "avg": 629.7556569885953
        },
        "data_received": {
            "count": 131533699,
            "rate": 73053.35732007805
        },
        "http_req_tls_handshaking": {
            "min": 0,
            "med": 0,
            "max": 0,
            "p(90)": 0,
            "p(95)": 0,
            "avg": 0
        },
        "data_sent": {
            "count": 40373520,
            "rate": 22423.312088480972
        },
        "vus": {
            "value": 200,
            "min": 200,
            "max": 200
        },
        "http_req_connecting": {
            "avg": 0.0009932650946461938,
            "min": 0,
            "med": 0,
            "max": 20.5126,
            "p(90)": 0,
            "p(95)": 0
        },
        "http_req_sending": {
            "avg": 0.011207167960435662,
            "min": 0.003878,
            "med": 0.007905,
            "max": 41.578909,
            "p(90)": 0.011471,
            "p(95)": 0.015029
        },
        "iterations": {
            "count": 492360,
            "rate": 273.45502546928014
        },
        "http_req_blocked": {
            "avg": 0.004618728452757904,
            "min": 0.001322,
            "med": 0.003217,
            "max": 20.553578,
            "p(90)": 0.004459,
            "p(95)": 0.005059
        },
        "http_req_duration": {
            "avg": 630.315173020932,
            "min": 2.476695,
            "med": 592.5578705,
            "max": 11067.004804,
            "p(90)": 1198.3484451,
            "p(95)": 1403.95819905,
            "thresholds": {
                "p(95)<2000": false
            }
        },
        "http_req_waiting": {
            "p(95)": 1403.91268265,
            "avg": 630.2677458172999,
            "min": 2.44249,
            "med": 592.510191,
            "max": 11066.817394,
            "p(90)": 1198.301374
        },
        "vus_max": {
            "max": 200,
            "value": 200,
            "min": 200
        },
        "checks": {
            "passes": 1934194,
            "fails": 3870,
            "value": 0.9980031619182854
        },
        "iteration_duration": {
            "avg": 731.2609514330031,
            "min": 102.682236,
            "med": 693.5468805,
            "max": 11182.267975,
            "p(90)": 1299.2445751,
            "p(95)": 1504.9456948
        }
    },
    "root_group": {
        "id": "d41d8cd98f00b204e9800998ecf8427e",
        "groups": {},
        "checks": {
                "status is 200": {
                    "id": "6210a8cd14cd70477eba5c5e4cb3fb5f",
                    "passes": 484516,
                    "fails": 0,
                    "name": "status is 200",
                    "path": "::status is 200"
                },
                "response time < 2s": {
                    "name": "response time < 2s",
                    "path": "::response time < 2s",
                    "id": "492f12d6af2add47d3f33fffc3b7b9ac",
                    "passes": 480646,
                    "fails": 3870
                },
                "has products data": {
                    "name": "has products data",
                    "path": "::has products data",
                    "id": "9a55570ce72dd3e67dcefb9e7d5677b5",
                    "passes": 484516,
                    "fails": 0
                },
                "has runtime info": {
                    "passes": 484516,
                    "fails": 0,
                    "name": "has runtime info",
                    "path": "::has runtime info",
                    "id": "f6ec9b2063a7916bd847220bebea107d"
                }
            },
        "name": "",
        "path": ""
    }
}