{
    "root_group": {
        "path": "",
        "id": "d41d8cd98f00b204e9800998ecf8427e",
        "groups": {},
        "checks": {
                "status is 200": {
                    "fails": 0,
                    "name": "status is 200",
                    "path": "::status is 200",
                    "id": "6210a8cd14cd70477eba5c5e4cb3fb5f",
                    "passes": 476763
                },
                "response time < 2s": {
                    "name": "response time < 2s",
                    "path": "::response time < 2s",
                    "id": "492f12d6af2add47d3f33fffc3b7b9ac",
                    "passes": 476763,
                    "fails": 0
                },
                "has products data": {
                    "fails": 0,
                    "name": "has products data",
                    "path": "::has products data",
                    "id": "9a55570ce72dd3e67dcefb9e7d5677b5",
                    "passes": 476763
                },
                "has runtime info": {
                    "name": "has runtime info",
                    "path": "::has runtime info",
                    "id": "f6ec9b2063a7916bd847220bebea107d",
                    "passes": 476763,
                    "fails": 0
                }
            },
        "name": ""
    },
    "metrics": {
        "http_req_blocked": {
            "med": 0.003206,
            "max": 18.293629,
            "p(90)": 0.004298,
            "p(95)": 0.00484,
            "avg": 0.004173500727438567,
            "min": 0.001262
        },
        "vus": {
            "max": 100,
            "value": 100,
            "min": 100
        },
        "http_req_connecting": {
            "p(95)": 0,
            "avg": 0.0005678105089593606,
            "min": 0,
            "med": 0,
            "max": 18.25156,
            "p(90)": 0
        },
        "http_req_failed": {
            "passes": 0,
            "fails": 484577,
            "value": 0
        },
        "iteration_duration": {
            "p(90)": 599.785484,
            "p(95)": 698.2747171999999,
            "avg": 371.48170145315623,
            "min": 102.640197,
            "med": 305.337416,
            "max": 3920.917783
        },
        "vus_max": {
            "min": 100,
            "max": 100,
            "value": 100
        },
        "http_req_duration{expected_response:true}": {
            "p(95)": 597.432444,
            "avg": 270.68443432571695,
            "min": 2.385273,
            "med": 204.615507,
            "max": 3819.65636,
            "p(90)": 498.9005764
        },
        "http_req_tls_handshaking": {
            "avg": 0,
            "min": 0,
            "med": 0,
            "max": 0,
            "p(90)": 0,
            "p(95)": 0
        },
        "data_sent": {
            "count": 39735314,
            "rate": 22070.85089406496
        },
        "http_reqs": {
            "rate": 269.1567182203044,
            "count": 484577
        },
        "http_req_duration": {
            "med": 204.615507,
            "max": 3819.65636,
            "p(90)": 498.9005764,
            "p(95)": 597.432444,
            "avg": 270.68443432571695,
            "min": 2.385273,
            "thresholds": {
                "p(95)<2000": false
            }
        },
        "http_req_waiting": {
            "med": 204.573117,
            "max": 3818.63281,
            "p(90)": 498.846544,
            "p(95)": 597.3724062,
            "avg": 270.6357197770176,
            "min": 2.363172
        },
        "http_req_sending": {
            "p(90)": 0.011422,
            "p(95)": 0.015209,
            "avg": 0.012162882557364146,
            "min": 0.003928,
            "med": 0.008045,
            "max": 17.465326
        },
        "checks": {
            "passes": 1907052,
            "fails": 0,
            "value": 1
        },
        "data_received": {
            "count": 117078848,
            "rate": 65031.06523977376
        },
        "iterations": {
            "count": 484577,
            "rate": 269.1567182203044
        },
        "http_req_receiving": {
            "avg": 0.03655166613561859,
            "min": 0.01046,
            "med": 0.025227,
            "max": 10.647318,
            "p(90)": 0.049092,
            "p(95)": 0.09664379999999959
        }
    }
}