{
    "metrics": {
        "http_req_tls_handshaking": {
            "avg": 0,
            "min": 0,
            "med": 0,
            "max": 0,
            "p(90)": 0,
            "p(95)": 0
        },
        "http_req_sending": {
            "med": 0.008015,
            "max": 29.924961,
            "p(90)": 0.011442,
            "p(95)": 0.015128,
            "avg": 0.012455355489353415,
            "min": 0.003837
        },
        "data_received": {
            "count": 117998526,
            "rate": 65543.88215113456
        },
        "vus_max": {
            "value": 100,
            "min": 100,
            "max": 100
        },
        "http_req_duration{expected_response:true}": {
            "avg": 267.7625173731566,
            "min": 2.409709,
            "med": 204.0044365,
            "max": 2091.694616,
            "p(90)": 498.2990331,
            "p(95)": 596.7624765
        },
        "data_sent": {
            "count": 40048800,
            "rate": 22245.64930153753
        },
        "http_req_duration": {
            "min": 2.409709,
            "med": 204.0044365,
            "max": 2091.694616,
            "p(90)": 498.2990331,
            "p(95)": 596.7624765,
            "avg": 267.7625173731566,
            "thresholds": {
                "p(95)<2000": false
            }
        },
        "http_req_connecting": {
            "max": 24.538636,
            "p(90)": 0,
            "p(95)": 0,
            "avg": 0.000686571242833743,
            "min": 0,
            "med": 0
        },
        "vus": {
            "value": 100,
            "min": 100,
            "max": 100
        },
        "http_reqs": {
            "count": 488400,
            "rate": 271.2884061163113
        },
        "http_req_receiving": {
            "max": 7.376657,
            "p(90)": 0.047529,
            "p(95)": 0.08744449999999988,
            "avg": 0.035980245958231044,
            "min": 0.010429,
            "med": 0.025068
        },
        "http_req_blocked": {
            "avg": 0.004726438925060905,
            "min": 0.001252,
            "med": 0.003226,
            "max": 33.030408,
            "p(90)": 0.004338,
            "p(95)": 0.004889
        },
        "iterations": {
            "count": 488400,
            "rate": 271.2884061163113
        },
        "http_req_failed": {
            "passes": 0,
            "fails": 488400,
            "value": 0
        },
        "checks": {
            "passes": 1953598,
            "fails": 2,
            "value": 0.9999989762489763
        },
        "http_req_waiting": {
            "min": 2.380404,
            "med": 203.960724,
            "max": 2091.621019,
            "p(90)": 498.2480951,
            "p(95)": 596.7136597,
            "avg": 267.71408177171025
        },
        "iteration_duration": {
            "p(95)": 697.7132595,
            "avg": 368.558788259248,
            "min": 102.64416,
            "med": 304.8172435,
            "max": 2193.294027,
            "p(90)": 599.0877201000001
        }
    },
    "root_group": {
        "groups": {},
        "checks": {
                "status is 200": {
                    "path": "::status is 200",
                    "id": "6210a8cd14cd70477eba5c5e4cb3fb5f",
                    "passes": 488400,
                    "fails": 0,
                    "name": "status is 200"
                },
                "response time < 2s": {
                    "path": "::response time < 2s",
                    "id": "492f12d6af2add47d3f33fffc3b7b9ac",
                    "passes": 488398,
                    "fails": 2,
                    "name": "response time < 2s"
                },
                "has products data": {
                    "path": "::has products data",
                    "id": "9a55570ce72dd3e67dcefb9e7d5677b5",
                    "passes": 488400,
                    "fails": 0,
                    "name": "has products data"
                },
                "has runtime info": {
                    "id": "f6ec9b2063a7916bd847220bebea107d",
                    "passes": 488400,
                    "fails": 0,
                    "name": "has runtime info",
                    "path": "::has runtime info"
                }
            },
        "name": "",
        "path": "",
        "id": "d41d8cd98f00b204e9800998ecf8427e"
    }
}