{
    "root_group": {
        "name": "",
        "path": "",
        "id": "d41d8cd98f00b204e9800998ecf8427e",
        "groups": {},
        "checks": {
                "status is 200": {
                    "name": "status is 200",
                    "path": "::status is 200",
                    "id": "6210a8cd14cd70477eba5c5e4cb3fb5f",
                    "passes": 512356,
                    "fails": 0
                },
                "response time < 2s": {
                    "name": "response time < 2s",
                    "path": "::response time < 2s",
                    "id": "492f12d6af2add47d3f33fffc3b7b9ac",
                    "passes": 512356,
                    "fails": 0
                },
                "has products data": {
                    "name": "has products data",
                    "path": "::has products data",
                    "id": "9a55570ce72dd3e67dcefb9e7d5677b5",
                    "passes": 512356,
                    "fails": 0
                },
                "has runtime info": {
                    "name": "has runtime info",
                    "path": "::has runtime info",
                    "id": "f6ec9b2063a7916bd847220bebea107d",
                    "passes": 512356,
                    "fails": 0
                }
            }
    },
    "metrics": {
        "http_req_receiving": {
            "min": 0.011532,
            "med": 0.028493,
            "max": 6.682331,
            "p(90)": 0.044503,
            "p(95)": 0.071324,
            "avg": 0.037127476947668527
        },
        "vus": {
            "value": 50,
            "min": 50,
            "max": 50
        },
        "data_sent": {
            "rate": 23339.129103097715,
            "count": 42013192
        },
        "http_req_waiting": {
            "p(90)": 100.696504,
            "p(95)": 101.83379925,
            "avg": 74.72500379206619,
            "min": 2.400813,
            "med": 95.71860699999999,
            "max": 511.418301
        },
        "http_req_failed": {
            "passes": 0,
            "fails": 512356,
            "value": 0
        },
        "http_reqs": {
            "count": 512356,
            "rate": 284.62352564753314
        },
        "vus_max": {
            "value": 50,
            "min": 50,
            "max": 50
        },
        "http_req_duration{expected_response:true}": {
            "med": 95.7676795,
            "max": 511.528819,
            "p(90)": 100.74654799999999,
            "p(95)": 101.882994,
            "avg": 74.77334095801194,
            "min": 2.429417
        },
        "checks": {
            "fails": 0,
            "passes": 2049424,
            "value": 1
        },
        "iterations": {
            "count": 512356,
            "rate": 284.62352564753314
        },
        "http_req_connecting": {
            "avg": 0.000020123462982769795,
            "min": 0,
            "med": 0,
            "max": 0.613002,
            "p(90)": 0,
            "p(95)": 0
        },
        "iteration_duration": {
            "min": 102.595969,
            "med": 196.67362200000002,
            "max": 612.631131,
            "p(90)": 201.7567065,
            "p(95)": 202.93741599999998,
            "avg": 175.6517319366748
        },
        "data_received": {
            "count": 135588084,
            "rate": 75321.76553777818
        },
        "http_req_blocked": {
            "min": 0.001233,
            "med": 0.003336,
            "max": 4.775606,
            "p(90)": 0.004348,
            "p(95)": 0.004859,
            "avg": 0.003755917057670855
        },
        "http_req_sending": {
            "avg": 0.011209688997493873,
            "min": 0.003727,
            "med": 0.008405,
            "max": 4.879351,
            "p(90)": 0.011201,
            "p(95)": 0.014567
        },
        "http_req_duration": {
            "avg": 74.77334095801194,
            "min": 2.429417,
            "med": 95.7676795,
            "max": 511.528819,
            "p(90)": 100.74654799999999,
            "p(95)": 101.882994,
            "thresholds": {
                "p(95)<2000": false
            }
        },
        "http_req_tls_handshaking": {
            "avg": 0,
            "min": 0,
            "med": 0,
            "max": 0,
            "p(90)": 0,
            "p(95)": 0
        }
    }
}