{
    "root_group": {
        "groups": {},
        "checks": {
                "status is 200": {
                    "name": "status is 200",
                    "path": "::status is 200",
                    "id": "6210a8cd14cd70477eba5c5e4cb3fb5f",
                    "passes": 454511,
                    "fails": 0
                },
                "response time < 2s": {
                    "fails": 31,
                    "name": "response time < 2s",
                    "path": "::response time < 2s",
                    "id": "492f12d6af2add47d3f33fffc3b7b9ac",
                    "passes": 454480
                },
                "has products data": {
                    "passes": 454511,
                    "fails": 0,
                    "name": "has products data",
                    "path": "::has products data",
                    "id": "9a55570ce72dd3e67dcefb9e7d5677b5"
                },
                "has runtime info": {
                    "fails": 0,
                    "name": "has runtime info",
                    "path": "::has runtime info",
                    "id": "f6ec9b2063a7916bd847220bebea107d",
                    "passes": 454511
                }
            },
        "name": "",
        "path": "",
        "id": "d41d8cd98f00b204e9800998ecf8427e"
    },
    "metrics": {
        "http_req_failed": {
            "passes": 0,
            "fails": 454511,
            "value": 0
        },
        "http_req_blocked": {
            "p(95)": 0.006382,
            "avg": 0.004821921300034934,
            "min": 0.001312,
            "med": 0.003657,
            "max": 15.91229,
            "p(90)": 0.005521
        },
        "http_req_tls_handshaking": {
            "p(90)": 0,
            "p(95)": 0,
            "avg": 0,
            "min": 0,
            "med": 0,
            "max": 0
        },
        "http_req_sending": {
            "max": 10.179184,
            "p(90)": 0.014637,
            "p(95)": 0.019116,
            "avg": 0.012753226441164374,
            "min": 0.003907,
            "med": 0.009057
        },
        "checks": {
            "passes": 1818013,
            "fails": 31,
            "value": 0.999982948707512
        },
        "http_reqs": {
            "rate": 252.46797005478018,
            "count": 454511
        },
        "vus_max": {
            "value": 100,
            "min": 100,
            "max": 100
        },
        "data_received": {
            "count": 132120067,
            "rate": 73388.95014420235
        },
        "http_req_duration{expected_response:true}": {
            "p(95)": 600.5479330000001,
            "avg": 295.19839523028526,
            "min": 2.698051,
            "med": 293.30806,
            "max": 3133.535166,
            "p(90)": 502.575039
        },
        "http_req_connecting": {
            "avg": 0.000521148146029469,
            "min": 0,
            "med": 0,
            "max": 15.809707,
            "p(90)": 0,
            "p(95)": 0
        },
        "http_req_duration": {
            "min": 2.698051,
            "med": 293.30806,
            "max": 3133.535166,
            "p(90)": 502.575039,
            "p(95)": 600.5479330000001,
            "avg": 295.19839523028526,
            "thresholds": {
                "p(95)<2000": false
            }
        },
        "http_req_receiving": {
            "avg": 0.04372086995474312,
            "min": 0.011902,
            "med": 0.030648,
            "max": 11.426188,
            "p(90)": 0.071093,
            "p(95)": 0.112562
        },
        "data_sent": {
            "count": 37269902,
            "rate": 20702.373544491977
        },
        "iterations": {
            "count": 454511,
            "rate": 252.46797005478018
        },
        "iteration_duration": {
            "p(95)": 701.3866995,
            "avg": 396.0489651206833,
            "min": 102.796486,
            "med": 394.126308,
            "max": 3235.037549,
            "p(90)": 603.351348
        },
        "http_req_waiting": {
            "max": 3133.231936,
            "p(90)": 502.525346,
            "p(95)": 600.4864375,
            "avg": 295.1419211339089,
            "min": 2.569039,
            "med": 293.24406
        },
        "vus": {
            "value": 100,
            "min": 100,
            "max": 100
        }
    }
}