{
    "root_group": {
        "checks": {
            "status is 200": {
                "passes": 422727,
                "fails": 0,
                "name": "status is 200",
                "path": "::status is 200",
                "id": "6210a8cd14cd70477eba5c5e4cb3fb5f"
            },
            "response time < 2s": {
                "id": "492f12d6af2add47d3f33fffc3b7b9ac",
                "passes": 422724,
                "fails": 3,
                "name": "response time < 2s",
                "path": "::response time < 2s"
            },
            "has products data": {
                "fails": 0,
                "name": "has products data",
                "path": "::has products data",
                "id": "9a55570ce72dd3e67dcefb9e7d5677b5",
                "passes": 422727
            },
            "has runtime info": {
                "name": "has runtime info",
                "path": "::has runtime info",
                "id": "f6ec9b2063a7916bd847220bebea107d",
                "passes": 422727,
                "fails": 0
            }
        },
        "name": "",
        "path": "",
        "id": "d41d8cd98f00b204e9800998ecf8427e",
        "groups": {}
    },
    "metrics": {
        "http_req_blocked": {
            "p(95)": 0.006312,
            "avg": 0.005059473494055025,
            "min": 0.001362,
            "med": 0.003827,
            "max": 17.533523,
            "p(90)": 0.005471
        },
        "data_received": {
            "count": 124884678,
            "rate": 69365.77184271478
        },
        "http_req_connecting": {
            "avg": 0.00047028007002449,
            "min": 0,
            "med": 0,
            "max": 15.85196,
            "p(90)": 0,
            "p(95)": 0
        },
        "vus_max": {
            "max": 100,
            "value": 100,
            "min": 100
        },
        "checks": {
            "passes": 1690905,
            "fails": 3,
            "value": 0.999998225805307
        },
        "http_req_tls_handshaking": {
            "p(95)": 0,
            "avg": 0,
            "min": 0,
            "med": 0,
            "max": 0,
            "p(90)": 0
        },
        "http_reqs": {
            "count": 429564,
            "rate": 238.5964306673708
        },
        "http_req_sending": {
            "max": 25.014253,
            "p(90)": 0.014698,
            "p(95)": 0.018946,
            "avg": 0.013180056266354115,
            "min": 0.004097,
            "med": 0.009497
        },
        "http_req_waiting": {
            "min": 2.71397,
            "med": 297.67037500000004,
            "max": 3253.994819,
            "p(90)": 587.1330379999999,
            "p(95)": 616.4836584499991,
            "avg": 318.094200756856
        },
        "http_req_receiving": {
            "min": 0.012103,
            "med": 0.033483,
            "max": 12.017468,
            "p(90)": 0.0737787,
            "p(95)": 0.116569,
            "avg": 0.04822090779953498
        },
        "iteration_duration": {
            "max": 3371.746046,
            "p(90)": 688.4567045,
            "p(95)": 717.7804135999999,
            "avg": 419.05946500847307,
            "min": 103.247025,
            "med": 398.70444699999996
        },
        "vus": {
            "value": 100,
            "min": 100,
            "max": 100
        },
        "iterations": {
            "count": 429564,
            "rate": 238.5964306673708
        },
        "http_req_duration": {
            "p(95)": 616.5233975499999,
            "avg": 318.15560172090653,
            "min": 2.765237,
            "med": 297.732844,
            "max": 3254.09129,
            "p(90)": 587.2238573999999,
            "thresholds": {
                "p(95)<2000": false
            }
        },
        "http_req_failed": {
            "fails": 429564,
            "passes": 0,
            "value": 0
        },
        "http_req_duration{expected_response:true}": {
            "avg": 318.15560172090653,
            "min": 2.765237,
            "med": 297.732844,
            "max": 3254.09129,
            "p(90)": 587.2238573999999,
            "p(95)": 616.5233975499999
        },
        "data_sent": {
            "count": 35224248,
            "rate": 19564.90731472441
        }
    }
}