{
    "root_group": {
        "groups": {},
        "checks": {
                "status is 200": {
                    "id": "6210a8cd14cd70477eba5c5e4cb3fb5f",
                    "passes": 506351,
                    "fails": 0,
                    "name": "status is 200",
                    "path": "::status is 200"
                },
                "response time < 2s": {
                    "id": "492f12d6af2add47d3f33fffc3b7b9ac",
                    "passes": 506351,
                    "fails": 0,
                    "name": "response time < 2s",
                    "path": "::response time < 2s"
                },
                "has products data": {
                    "passes": 506351,
                    "fails": 0,
                    "name": "has products data",
                    "path": "::has products data",
                    "id": "9a55570ce72dd3e67dcefb9e7d5677b5"
                },
                "has runtime info": {
                    "name": "has runtime info",
                    "path": "::has runtime info",
                    "id": "f6ec9b2063a7916bd847220bebea107d",
                    "passes": 506351,
                    "fails": 0
                }
            },
        "name": "",
        "path": "",
        "id": "d41d8cd98f00b204e9800998ecf8427e"
    },
    "metrics": {
        "data_sent": {
            "rate": 23442.51687855843,
            "count": 42199496
        },
        "http_reqs": {
            "count": 514628,
            "rate": 285.8843521775418
        },
        "http_req_tls_handshaking": {
            "med": 0,
            "max": 0,
            "p(90)": 0,
            "p(95)": 0,
            "avg": 0,
            "min": 0
        },
        "vus_max": {
            "max": 50,
            "value": 50,
            "min": 50
        },
        "http_req_waiting": {
            "p(95)": 102.099573,
            "avg": 73.91681907066881,
            "min": 1.959186,
            "med": 95.023226,
            "max": 610.920253,
            "p(90)": 100.8185857
        },
        "vus": {
            "min": 50,
            "max": 50,
            "value": 50
        },
        "http_req_duration{expected_response:true}": {
            "p(95)": 102.14688965,
            "avg": 73.96433529399489,
            "min": 2.026292,
            "med": 95.07075599999999,
            "max": 611.02505,
            "p(90)": 100.8681567
        },
        "http_req_blocked": {
            "p(95)": 0.004949,
            "avg": 0.0037122812108941286,
            "min": 0.001232,
            "med": 0.003366,
            "max": 3.354672,
            "p(90)": 0.004398
        },
        "http_req_sending": {
            "p(90)": 0.011381,
            "p(95)": 0.014186649999999966,
            "avg": 0.010670219208827119,
            "min": 0.003878,
            "med": 0.008545,
            "max": 5.492561
        },
        "http_req_receiving": {
            "p(90)": 0.044684,
            "p(95)": 0.064791,
            "avg": 0.036846004115593724,
            "min": 0.01072,
            "med": 0.029565,
            "max": 8.342054
        },
        "checks": {
            "passes": 2025404,
            "fails": 0,
            "value": 1
        },
        "iterations": {
            "count": 514628,
            "rate": 285.8843521775418
        },
        "http_req_duration": {
            "avg": 73.96433529399489,
            "min": 2.026292,
            "med": 95.07075599999999,
            "max": 611.02505,
            "p(90)": 100.8681567,
            "p(95)": 102.14688965,
            "thresholds": {
                "p(95)<2000": false
            }
        },
        "data_received": {
            "count": 136169690,
            "rate": 75644.51139826572
        },
        "iteration_duration": {
            "p(95)": 203.177099,
            "avg": 174.87563280647254,
            "min": 102.620961,
            "med": 195.9957565,
            "max": 712.090843,
            "p(90)": 201.917393
        },
        "http_req_connecting": {
            "min": 0,
            "med": 0,
            "max": 0.889569,
            "p(90)": 0,
            "p(95)": 0,
            "avg": 0.000021446831497703198
        },
        "http_req_failed": {
            "passes": 0,
            "fails": 514628,
            "value": 0
        }
    }
}