{
    "root_group": {
        "name": "",
        "path": "",
        "id": "d41d8cd98f00b204e9800998ecf8427e",
        "groups": {},
        "checks": {
                "status is 200": {
                    "name": "status is 200",
                    "path": "::status is 200",
                    "id": "6210a8cd14cd70477eba5c5e4cb3fb5f",
                    "passes": 511446,
                    "fails": 0
                },
                "response time < 2s": {
                    "fails": 0,
                    "name": "response time < 2s",
                    "path": "::response time < 2s",
                    "id": "492f12d6af2add47d3f33fffc3b7b9ac",
                    "passes": 511446
                },
                "has products data": {
                    "name": "has products data",
                    "path": "::has products data",
                    "id": "9a55570ce72dd3e67dcefb9e7d5677b5",
                    "passes": 511446,
                    "fails": 0
                },
                "has runtime info": {
                    "name": "has runtime info",
                    "path": "::has runtime info",
                    "id": "f6ec9b2063a7916bd847220bebea107d",
                    "passes": 511446,
                    "fails": 0
                }
            }
    },
    "metrics": {
        "http_req_duration{expected_response:true}": {
            "avg": 75.07993580930736,
            "min": 2.429738,
            "med": 95.840235,
            "max": 591.689767,
            "p(90)": 100.7766345,
            "p(95)": 101.8903105
        },
        "http_req_waiting": {
            "med": 95.79028149999999,
            "max": 591.657917,
            "p(90)": 100.725158,
            "p(95)": 101.8390085,
            "avg": 75.03151847661375,
            "min": 2.401755
        },
        "http_req_sending": {
            "p(90)": 0.011261,
            "p(95)": 0.014538,
            "avg": 0.011307053829729947,
            "min": 0.003537,
            "med": 0.008436,
            "max": 6.696979
        },
        "vus_max": {
            "value": 50,
            "min": 50,
            "max": 50
        },
        "http_reqs": {
            "count": 511446,
            "rate": 284.11880852243695
        },
        "http_req_tls_handshaking": {
            "max": 0,
            "p(90)": 0,
            "p(95)": 0,
            "avg": 0,
            "min": 0,
            "med": 0
        },
        "data_received": {
            "count": 135351360,
            "rate": 75190.47394073164
        },
        "vus": {
            "value": 50,
            "min": 50,
            "max": 50
        },
        "http_req_blocked": {
            "min": 0.001202,
            "med": 0.003346,
            "max": 5.896524,
            "p(90)": 0.004368,
            "p(95)": 0.004899,
            "avg": 0.003726778979599025
        },
        "http_req_connecting": {
            "max": 1.254337,
            "p(90)": 0,
            "p(95)": 0,
            "avg": 0.000018653507897216908,
            "min": 0,
            "med": 0
        },
        "http_req_receiving": {
            "min": 0.01071,
            "med": 0.028643,
            "max": 7.543539,
            "p(90)": 0.044553,
            "p(95)": 0.07028975,
            "avg": 0.03711027886228373
        },
        "http_req_duration": {
            "p(90)": 100.7766345,
            "p(95)": 101.8903105,
            "avg": 75.07993580930736,
            "min": 2.429738,
            "med": 95.840235,
            "max": 591.689767,
            "thresholds": {
                "p(95)<2000": false
            }
        },
        "iteration_duration": {
            "min": 102.604846,
            "med": 196.75851649999998,
            "max": 692.093216,
            "p(90)": 201.785866,
            "p(95)": 202.9699675,
            "avg": 175.96318598416724
        },
        "iterations": {
            "count": 511446,
            "rate": 284.11880852243695
        },
        "checks": {
            "passes": 2045784,
            "fails": 0,
            "value": 1
        },
        "data_sent": {
            "count": 41938572,
            "rate": 23297.742298839832
        },
        "http_req_failed": {
            "passes": 0,
            "fails": 511446,
            "value": 0
        }
    }
}