{
    "metrics": {
        "checks": {
            "passes": 1949304,
            "fails": 0,
            "value": 1
        },
        "http_req_receiving": {
            "med": 0.029355,
            "max": 6.626486,
            "p(90)": 0.066014,
            "p(95)": 0.101721,
            "avg": 0.03991246354391171,
            "min": 0.011792
        },
        "http_req_tls_handshaking": {
            "p(90)": 0,
            "p(95)": 0,
            "avg": 0,
            "min": 0,
            "med": 0,
            "max": 0
        },
        "http_reqs": {
            "count": 487326,
            "rate": 270.7179288898748
        },
        "iterations": {
            "count": 487326,
            "rate": 270.7179288898748
        },
        "http_req_duration{expected_response:true}": {
            "p(90)": 102.4295365,
            "p(95)": 104.09771699999999,
            "avg": 83.88217908991922,
            "min": 2.522442,
            "med": 96.533769,
            "max": 1111.201412
        },
        "http_req_connecting": {
            "avg": 0.00007071870985746709,
            "min": 0,
            "med": 0,
            "max": 2.061104,
            "p(90)": 0,
            "p(95)": 0
        },
        "http_req_sending": {
            "max": 10.139028,
            "p(90)": 0.013134,
            "p(95)": 0.01665175,
            "avg": 0.011554601338734398,
            "min": 0.003827,
            "med": 0.008887
        },
        "http_req_waiting": {
            "avg": 83.83071202503673,
            "min": 2.48993,
            "med": 96.48296350000001,
            "max": 1109.66891,
            "p(90)": 102.38223249999999,
            "p(95)": 104.0530505
        },
        "vus_max": {
            "value": 50,
            "min": 50,
            "max": 50
        },
        "data_sent": {
            "count": 39960732,
            "rate": 22198.870168969734
        },
        "data_received": {
            "rate": 78182.74857085047,
            "count": 140738688
        },
        "iteration_duration": {
            "p(95)": 204.9686515,
            "avg": 184.67311340531003,
            "min": 102.816785,
            "med": 197.215259,
            "max": 1214.086284,
            "p(90)": 203.085149
        },
        "vus": {
            "value": 50,
            "min": 50,
            "max": 50
        },
        "http_req_blocked": {
            "p(95)": 0.0056,
            "avg": 0.004035820690872455,
            "min": 0.001242,
            "med": 0.003536,
            "max": 3.86225,
            "p(90)": 0.004909
        },
        "http_req_failed": {
            "passes": 0,
            "fails": 487326,
            "value": 0
        },
        "http_req_duration": {
            "avg": 83.88217908991922,
            "min": 2.522442,
            "med": 96.533769,
            "max": 1111.201412,
            "p(90)": 102.4295365,
            "p(95)": 104.09771699999999,
            "thresholds": {
                "p(95)<2000": false
            }
        }
    },
    "root_group": {
        "name": "",
        "path": "",
        "id": "d41d8cd98f00b204e9800998ecf8427e",
        "groups": {},
        "checks": {
                "status is 200": {
                    "name": "status is 200",
                    "path": "::status is 200",
                    "id": "6210a8cd14cd70477eba5c5e4cb3fb5f",
                    "passes": 487326,
                    "fails": 0
                },
                "response time < 2s": {
                    "name": "response time < 2s",
                    "path": "::response time < 2s",
                    "id": "492f12d6af2add47d3f33fffc3b7b9ac",
                    "passes": 487326,
                    "fails": 0
                },
                "has products data": {
                    "name": "has products data",
                    "path": "::has products data",
                    "id": "9a55570ce72dd3e67dcefb9e7d5677b5",
                    "passes": 487326,
                    "fails": 0
                },
                "has runtime info": {
                    "path": "::has runtime info",
                    "id": "f6ec9b2063a7916bd847220bebea107d",
                    "passes": 487326,
                    "fails": 0,
                    "name": "has runtime info"
                }
            }
    }
}