{
    "root_group": {
        "name": "",
        "path": "",
        "id": "d41d8cd98f00b204e9800998ecf8427e",
        "groups": {},
        "checks": {
                "status is 200": {
                    "name": "status is 200",
                    "path": "::status is 200",
                    "id": "6210a8cd14cd70477eba5c5e4cb3fb5f",
                    "passes": 439091,
                    "fails": 0
                },
                "response time < 2s": {
                    "passes": 439091,
                    "fails": 0,
                    "name": "response time < 2s",
                    "path": "::response time < 2s",
                    "id": "492f12d6af2add47d3f33fffc3b7b9ac"
                },
                "has products data": {
                    "name": "has products data",
                    "path": "::has products data",
                    "id": "9a55570ce72dd3e67dcefb9e7d5677b5",
                    "passes": 439091,
                    "fails": 0
                },
                "has runtime info": {
                    "passes": 439091,
                    "fails": 0,
                    "name": "has runtime info",
                    "path": "::has runtime info",
                    "id": "f6ec9b2063a7916bd847220bebea107d"
                }
            }
    },
    "metrics": {
        "http_req_blocked": {
            "avg": 0.004654021591070103,
            "min": 0.001443,
            "med": 0.003918,
            "max": 5.029172,
            "p(90)": 0.0056,
            "p(95)": 0.006341
        },
        "http_req_tls_handshaking": {
            "max": 0,
            "p(90)": 0,
            "p(95)": 0,
            "avg": 0,
            "min": 0,
            "med": 0
        },
        "http_req_receiving": {
            "avg": 0.046945449105003964,
            "min": 0.011962,
            "med": 0.033823,
            "max": 8.40876,
            "p(90)": 0.074489,
            "p(95)": 0.11729909999999968
        },
        "checks": {
            "passes": 1756364,
            "fails": 0,
            "value": 1
        },
        "iteration_duration": {
            "p(95)": 292.59827789999997,
            "avg": 201.69926314100283,
            "min": 103.006323,
            "med": 199.514129,
            "max": 1267.798608,
            "p(90)": 209.26928700000002
        },
        "http_req_sending": {
            "min": 0.004137,
            "med": 0.009869,
            "max": 5.112949,
            "p(90)": 0.014977799999999989,
            "p(95)": 0.018605,
            "avg": 0.012887120324157769
        },
        "http_req_connecting": {
            "max": 3.155137,
            "p(90)": 0,
            "p(95)": 0,
            "avg": 0.0001845058728874525,
            "min": 0,
            "med": 0
        },
        "vus_max": {
            "value": 50,
            "min": 50,
            "max": 50
        },
        "http_req_waiting": {
            "avg": 100.77149649411842,
            "min": 2.598843,
            "med": 98.610891,
            "max": 1165.085846,
            "p(90)": 108.31613,
            "p(95)": 191.409828
        },
        "http_req_duration": {
            "min": 2.645662,
            "med": 98.670602,
            "max": 1165.209938,
            "p(90)": 108.371283,
            "p(95)": 191.475788,
            "avg": 100.83132906354335,
            "thresholds": {
                "p(95)<2000": false
            }
        },
        "http_req_failed": {
            "passes": 0,
            "fails": 446203,
            "value": 0
        },
        "data_sent": {
            "count": 36588646,
            "rate": 20323.959112126482
        },
        "http_req_duration{expected_response:true}": {
            "max": 1165.209938,
            "p(90)": 108.371283,
            "p(95)": 191.475788,
            "avg": 100.83132906354335,
            "min": 2.645662,
            "med": 98.670602
        },
        "data_received": {
            "count": 129045337,
            "rate": 71681.03877904043
        },
        "http_reqs": {
            "count": 446203,
            "rate": 247.8531599039815
        },
        "iterations": {
            "count": 446203,
            "rate": 247.8531599039815
        },
        "vus": {
            "value": 50,
            "min": 50,
            "max": 50
        }
    }
}