{
    "root_group": {
        "name": "",
        "path": "",
        "id": "d41d8cd98f00b204e9800998ecf8427e",
        "groups": {},
        "checks": {
                "status is 200": {
                    "passes": 463576,
                    "fails": 0,
                    "name": "status is 200",
                    "path": "::status is 200",
                    "id": "6210a8cd14cd70477eba5c5e4cb3fb5f"
                },
                "response time < 2s": {
                    "id": "492f12d6af2add47d3f33fffc3b7b9ac",
                    "passes": 463556,
                    "fails": 20,
                    "name": "response time < 2s",
                    "path": "::response time < 2s"
                },
                "has products data": {
                    "id": "9a55570ce72dd3e67dcefb9e7d5677b5",
                    "passes": 463576,
                    "fails": 0,
                    "name": "has products data",
                    "path": "::has products data"
                },
                "has runtime info": {
                    "fails": 0,
                    "name": "has runtime info",
                    "path": "::has runtime info",
                    "id": "f6ec9b2063a7916bd847220bebea107d",
                    "passes": 463576
                }
            }
    },
    "metrics": {
        "http_req_duration": {
            "med": 291.59523049999996,
            "max": 2895.42757,
            "p(90)": 500.0948065,
            "p(95)": 597.6081145,
            "avg": 287.5057495346663,
            "min": 2.613413,
            "thresholds": {
                "p(95)<2000": false
            }
        },
        "http_req_tls_handshaking": {
            "min": 0,
            "med": 0,
            "max": 0,
            "p(90)": 0,
            "p(95)": 0,
            "avg": 0
        },
        "iterations": {
            "rate": 257.4957957341138,
            "count": 463576
        },
        "http_reqs": {
            "rate": 257.4957957341138,
            "count": 463576
        },
        "http_req_sending": {
            "med": 0.008687,
            "max": 10.312093,
            "p(90)": 0.013095,
            "p(95)": 0.016732,
            "avg": 0.011428139985676567,
            "min": 0.003918
        },
        "checks": {
            "passes": 1854284,
            "fails": 20,
            "value": 0.9999892142820164
        },
        "vus_max": {
            "value": 100,
            "min": 100,
            "max": 100
        },
        "vus": {
            "value": 100,
            "min": 100,
            "max": 100
        },
        "http_req_connecting": {
            "max": 20.282806,
            "p(90)": 0,
            "p(95)": 0,
            "avg": 0.0006037076919426374,
            "min": 0,
            "med": 0
        },
        "http_req_failed": {
            "passes": 0,
            "fails": 463576,
            "value": 0
        },
        "data_received": {
            "count": 134751216,
            "rate": 74848.29152082819
        },
        "data_sent": {
            "count": 38013232,
            "rate": 21114.65525019733
        },
        "http_req_duration{expected_response:true}": {
            "avg": 287.5057495346663,
            "min": 2.613413,
            "med": 291.59523049999996,
            "max": 2895.42757,
            "p(90)": 500.0948065,
            "p(95)": 597.6081145
        },
        "http_req_blocked": {
            "avg": 0.004623158979326151,
            "min": 0.001342,
            "med": 0.003546,
            "max": 20.422398,
            "p(90)": 0.004989,
            "p(95)": 0.00568
        },
        "http_req_waiting": {
            "avg": 287.4532686092865,
            "min": 2.578928,
            "med": 291.5388845,
            "max": 2894.651662,
            "p(90)": 500.041526,
            "p(95)": 597.54571
        },
        "http_req_receiving": {
            "med": 0.029275,
            "max": 8.688883,
            "p(90)": 0.068499,
            "p(95)": 0.108544,
            "avg": 0.04105278539225432,
            "min": 0.011892
        },
        "iteration_duration": {
            "avg": 388.2985724993943,
            "min": 102.907264,
            "med": 392.47684200000003,
            "max": 2994.282693,
            "p(90)": 600.9312085,
            "p(95)": 698.40830325
        }
    }
}