{
    "metrics": {
        "http_req_sending": {
            "p(95)": 0.018755,
            "avg": 0.013206700764371665,
            "min": 0.004148,
            "med": 0.009447,
            "max": 22.409097,
            "p(90)": 0.014638
        },
        "http_req_waiting": {
            "p(95)": 689.211683,
            "avg": 323.97498792496083,
            "min": 2.68784,
            "med": 298.7998655,
            "max": 3666.124139,
            "p(90)": 590.965173
        },
        "data_received": {
            "count": 123162288,
            "rate": 68408.28887751784
        },
        "vus": {
            "value": 100,
            "min": 100,
            "max": 100
        },
        "iteration_duration": {
            "max": 3766.899799,
            "p(90)": 692.1331385,
            "p(95)": 790.3911654999999,
            "avg": 424.9477897175719,
            "min": 102.91391,
            "med": 399.789898
        },
        "checks": {
            "passes": 1667514,
            "fails": 2,
            "value": 0.9999988006112085
        },
        "http_reqs": {
            "count": 423616,
            "rate": 235.2899265815734
        },
        "http_req_blocked": {
            "avg": 0.005726547271585971,
            "min": 0.001373,
            "med": 0.003807,
            "max": 27.665626,
            "p(90)": 0.00547,
            "p(95)": 0.006282
        },
        "http_req_failed": {
            "passes": 0,
            "fails": 423616,
            "value": 0
        },
        "http_req_duration": {
            "max": 3666.191475,
            "p(90)": 591.036877,
            "p(95)": 689.27191525,
            "avg": 324.0362158233386,
            "min": 2.737644,
            "med": 298.859593,
            "thresholds": {
                "p(95)<2000": false
            }
        },
        "http_req_duration{expected_response:true}": {
            "avg": 324.0362158233386,
            "min": 2.737644,
            "med": 298.859593,
            "max": 3666.191475,
            "p(90)": 591.036877,
            "p(95)": 689.27191525
        },
        "http_req_connecting": {
            "avg": 0.0009237295050234175,
            "min": 0,
            "med": 0,
            "max": 22.452689,
            "p(90)": 0,
            "p(95)": 0
        },
        "data_sent": {
            "rate": 19293.77397968902,
            "count": 34736512
        },
        "http_req_receiving": {
            "avg": 0.048021197624736736,
            "min": 0.011612,
            "med": 0.033543,
            "max": 14.064948,
            "p(90)": 0.072616,
            "p(95)": 0.1178135
        },
        "iterations": {
            "rate": 235.2899265815734,
            "count": 423616
        },
        "vus_max": {
            "min": 100,
            "max": 100,
            "value": 100
        },
        "http_req_tls_handshaking": {
            "p(90)": 0,
            "p(95)": 0,
            "avg": 0,
            "min": 0,
            "med": 0,
            "max": 0
        }
    },
    "root_group": {
        "path": "",
        "id": "d41d8cd98f00b204e9800998ecf8427e",
        "groups": {},
        "checks": {
                "status is 200": {
                    "path": "::status is 200",
                    "id": "6210a8cd14cd70477eba5c5e4cb3fb5f",
                    "passes": 416879,
                    "fails": 0,
                    "name": "status is 200"
                },
                "response time < 2s": {
                    "id": "492f12d6af2add47d3f33fffc3b7b9ac",
                    "passes": 416877,
                    "fails": 2,
                    "name": "response time < 2s",
                    "path": "::response time < 2s"
                },
                "has products data": {
                    "path": "::has products data",
                    "id": "9a55570ce72dd3e67dcefb9e7d5677b5",
                    "passes": 416879,
                    "fails": 0,
                    "name": "has products data"
                },
                "has runtime info": {
                    "name": "has runtime info",
                    "path": "::has runtime info",
                    "id": "f6ec9b2063a7916bd847220bebea107d",
                    "passes": 416879,
                    "fails": 0
                }
            },
        "name": ""
    }
}