{
    "root_group": {
        "name": "",
        "path": "",
        "id": "d41d8cd98f00b204e9800998ecf8427e",
        "groups": {},
        "checks": {
                "status is 200": {
                    "name": "status is 200",
                    "path": "::status is 200",
                    "id": "6210a8cd14cd70477eba5c5e4cb3fb5f",
                    "passes": 444707,
                    "fails": 0
                },
                "response time < 2s": {
                    "id": "492f12d6af2add47d3f33fffc3b7b9ac",
                    "passes": 439476,
                    "fails": 5231,
                    "name": "response time < 2s",
                    "path": "::response time < 2s"
                },
                "has products data": {
                    "fails": 0,
                    "name": "has products data",
                    "path": "::has products data",
                    "id": "9a55570ce72dd3e67dcefb9e7d5677b5",
                    "passes": 444707
                },
                "has runtime info": {
                    "id": "f6ec9b2063a7916bd847220bebea107d",
                    "passes": 444707,
                    "fails": 0,
                    "name": "has runtime info",
                    "path": "::has runtime info"
                }
            }
    },
    "metrics": {
        "vus_max": {
            "value": 200,
            "min": 200,
            "max": 200
        },
        "http_req_failed": {
            "passes": 0,
            "fails": 451224,
            "value": 0
        },
        "vus": {
            "value": 200,
            "min": 200,
            "max": 200
        },
        "http_req_tls_handshaking": {
            "min": 0,
            "med": 0,
            "max": 0,
            "p(90)": 0,
            "p(95)": 0,
            "avg": 0
        },
        "http_req_receiving": {
            "p(95)": 0.11738849999999976,
            "avg": 0.04601040595801658,
            "min": 0.011621,
            "med": 0.031559,
            "max": 10.90955,
            "p(90)": 0.071664
        },
        "data_received": {
            "count": 131419254,
            "rate": 72986.74636967307
        },
        "http_req_waiting": {
            "avg": 697.0636872006187,
            "min": 2.614333,
            "med": 607.3539145,
            "max": 13664.796754,
            "p(90)": 1295.2599718,
            "p(95)": 1503.72444485
        },
        "http_req_blocked": {
            "avg": 0.005020737886282812,
            "min": 0.001333,
            "med": 0.003656,
            "max": 22.089669,
            "p(90)": 0.00526,
            "p(95)": 0.006141
        },
        "http_req_duration": {
            "med": 607.405226,
            "max": 13664.892294,
            "p(90)": 1295.3386917,
            "p(95)": 1503.7755012,
            "avg": 697.1219708264186,
            "min": 2.650039,
            "thresholds": {
                "p(95)<2000": false
            }
        },
        "http_req_connecting": {
            "avg": 0.0007267072540467708,
            "min": 0,
            "med": 0,
            "max": 22.054752,
            "p(90)": 0,
            "p(95)": 0
        },
        "data_sent": {
            "count": 37000368,
            "rate": 20549.016925636843
        },
        "iteration_duration": {
            "avg": 797.9545128355043,
            "min": 102.960518,
            "med": 708.1046180000001,
            "max": 13766.114081,
            "p(90)": 1396.1605514,
            "p(95)": 1604.4644545999997
        },
        "checks": {
            "passes": 1773597,
            "fails": 5231,
            "value": 0.9970592997186912
        },
        "iterations": {
            "count": 451224,
            "rate": 250.59776738581516
        },
        "http_reqs": {
            "count": 451224,
            "rate": 250.59776738581516
        },
        "http_req_duration{expected_response:true}": {
            "p(95)": 1503.7755012,
            "avg": 697.1219708264186,
            "min": 2.650039,
            "med": 607.405226,
            "max": 13664.892294,
            "p(90)": 1295.3386917
        },
        "http_req_sending": {
            "p(95)": 0.018144,
            "avg": 0.012273219830948664,
            "min": 0.003927,
            "med": 0.008907,
            "max": 13.591571,
            "p(90)": 0.013745
        }
    }
}